S. No,53 Metropolitan Cities,Theft - No. of cases in which property was stolen,Theft - Value of Property Stolen (in Crores),Theft - Number of cases in which property was recovered - Out of Cases from Previous Years,Theft - Number of cases in which property was recovered - From Cases Reported during the Year,Theft - Number of cases in which property was recovered - Total Cases,Theft - Value of Property Recovered - Total Cases,Burglary - No. of cases in which property was stolen - Total Cases,Burglary - Value of Property Stolen (in Crores) - Total Cases,Burglary - Number of cases in which property was recovered - Out of Cases from Previous Years,Burglary - Number of cases in which property was recovered - From Cases Reported during the Year,Burglary - Number of cases in which property was recovered - Total Cases,Burglary - Value of Property Recovered - Total Cases,Robbery - No. of cases in which property was stolen - Total Cases,Robbery - Value of Property Stolen (in Crores) - Total Cases,Robbery - Number of cases in which property was recovered - Out of Cases from Previous Years,Robbery - Number of cases in which property was recovered - From Cases Reported during the Year,Robbery - Number of cases in which property was recovered - Total Cases,Robbery - Value of Property Recovered - Total Cases,Dacoity - No. of cases in which property was stolen - Total Cases,Dacoity - Value of Property Stolen (in Crores) - Total Cases,Dacoity - Number of cases in which property was recovered - Out of Cases from Previous Years,Dacoity - Number of cases in which property was recovered - From Cases Reported during the Year,Dacoity - Number of cases in which property was recovered - Total Cases,Dacoity - Value of Property Recovered - Total Cases,Other Offences not included above - No. of cases in which property was stolen - Total Cases,Other Offences not included above - Value of Property Stolen (in Crores) - Total Cases,Other Offences not included above - Number of cases in which property was recovered - Out of Cases from Previous Years,Other Offences not included above - Number of cases in which property was recovered - From Cases Reported during the Year,Other Offences not included above - Number of cases in which property was recovered - Total Cases,Other Offences not included above - Value of Property Recovered - Total Cases,Total - No. of cases in which property was stolen - Total Cases,Total - Value of Property Stolen (in Crores) - Total Cases,Total - Number of cases in which property was recovered - Out of Cases from Previous Years,Total - Number of cases in which property was recovered - From Cases Reported during the Year,Total - Number of cases in which property was recovered - Total Cases,Total - Value of Property Recovered - Total Cases
1,Agra,1124,0.2812717,12,239,251,0.5146367,134,1.6935157,16,61,77,0.5759866,26,0.3426035,11,17,28,0.2064535,1,0.025,0,1,1,0.025,0,0,0,0,0,0,1285,2.3423909,39,318,357,1.3220768
2,Ahmedabad,5008,27.2255508,103,1607,1710,9.3223936,463,11.0142152,16,258,274,3.0939689,132,2.6038325,7,121,128,1.0273385,12,0.06602,0,11,11,0.0113,0,0,0,0,0,0,5615,40.9096185,126,1997,2123,13.455001
3,Amritsar,988,5.9514568,28,303,331,2.703928,223,1.6965002,4,80,84,0.520227,2,0.2248138,0,2,2,0.2248138,1,0.165,0,1,1,0,0,0,0,0,0,0,1214,8.0377708,32,386,418,3.4489688
4,Asansol,337,3.0411865,83,246,329,2.8224191,2,0.01434,0,2,2,0.0062,6,0.1239025,1,4,5,0.0449575,1,0.25,1,0,1,0.25,16,0.006,0,16,16,0.006,362,3.435429,85,268,353,3.1295766
5,Aurangabad,1525,13.0655954,88,499,587,3.7905479,142,1.9262369,3,50,53,0.4859234,191,1.2349473,14,143,157,0.5050132,12,0.1171,0,10,10,0.057742,0,0,0,0,0,0,1870,16.3438796,105,702,807,4.8392265
6,Bengaluru,10438,126.0288029,76,2923,2999,56.3319731,1142,41.3191517,19,408,427,14.3136737,790,11.3937555,8,611,619,7.5502863,37,2.5261514,0,36,36,1.4035944,18,0.82037,0,10,10,0.37497,12425,182.0882315,103,3988,4091,79.9744975
7,Bhopal,2203,8.5996049,52,661,713,4.1783511,542,3.0249046,16,172,188,2.0415455,68,0.441941,0,62,62,0.377327,1,0.0013,0,1,1,0.00058,0,0,0,0,0,0,2814,12.0677505,68,896,964,6.5978036
8,Chandigarh City,1412,4.8747887,53,496,549,3.2414124,89,3.4423374,2,54,56,1.7914199,17,0.403644,0,17,17,0.042304,3,0.00252,0,3,3,0.00252,150,0.351406,8,123,131,0.266719,1671,9.0746961,63,693,756,5.3443753
9,Chennai,3333,11.9041544,126,1231,1357,4.9900954,368,7.1093627,39,131,170,4.2488825,326,1.4479959,23,221,244,0.902864,17,3.60648,0,14,14,2.55383,3,0.0531326,0,2,2,0.0375276,4047,24.1211256,188,1599,1787,12.7331995
10,Coimbatore,1149,7.2404742,0,526,526,4.370005,190,5.6368339,0,87,87,3.6535239,77,1.5988239,0,71,71,1.5412039,3,0.0015,0,3,3,0.0015,0,0,0,0,0,0,1419,14.477632,0,687,687,9.5662328
11,Delhi City,228173,556.0630906,1158,22570,23728,67.1893195,6906,65.5112706,70,1415,1485,18.3516077,1644,17.9145909,70,1178,1248,7.6447273,29,17.46005,0,24,24,2.333535,1275,31.6597058,13,147,160,4.22854,238027,688.6087079,1311,25334,26645,99.7477295
12,Dhanbad,701,0.3565,0,40,40,0.020005,161,0.04235,0,7,7,0.00335,15,0.054,0,5,5,0.0046,8,0.0675,0,3,3,0.0185,0,0,0,0,0,0,885,0.52035,0,55,55,0.046455
13,Durg-Bhilainagar,648,3.8991504,0,322,322,1.1993505,286,3.0315396,0,156,156,1.2914156,44,0.3175944,0,35,35,0.3171402,2,0.0029,0,2,2,0.0029,0,0,0,0,0,0,980,7.2511844,0,515,515,2.8108063
14,Faridabad,2412,17.475621,206,687,893,5.986891,336,3.859862,47,132,179,1.477395,15,0.4551,2,15,17,0.8691,3,0.19192,0,3,3,0.19192,208,0.681938,13,105,118,0.348344,2974,22.664441,268,942,1210,8.87365
15,Ghaziabad,2950,8.049932,0,591,591,2.595562,177,1.928376,0,79,79,0.760207,40,1.035968,0,28,28,0.640903,2,0.865,0,2,2,0.84,0,0,0,0,0,0,3169,11.879276,0,700,700,4.836672
16,Gwalior,1506,5.3852908,8,214,222,1.620509,544,2.8170232,4,68,72,0.6360852,53,0.26957,3,31,34,0.07255,4,0.0955,0,2,2,0.0905,0,0,0,0,0,0,2107,8.567384,15,315,330,2.4196442
17,Hyderabad,3240,29.2214126,0,2492,2492,25.3233302,383,9.6632525,0,218,218,3.0412706,102,1.478163,0,84,84,1.12532,19,0.91862,0,8,8,0.35817,2,0.00052,0,1,1,0.00029,3746,41.2819681,0,2803,2803,29.8483808
18,Indore,4262,13.9341295,76,744,820,5.1168155,719,5.9063855,7,270,277,3.515998,280,1.1778106,2,232,234,0.924258,2,0.357,0,2,2,0.357,0,0,0,0,0,0,5263,21.3753256,85,1248,1333,9.9140715
19,Jabalpur,814,3.7748413,23,353,376,1.9673642,244,1.9309419,11,75,86,0.9674577,25,0.126999,1,18,19,0.077328,2,0.0843509,0,1,1,0.00357,0,0,0,0,0,0,1085,5.9171331,35,447,482,3.0157199
20,Jaipur,10003,44.5387628,22,1734,1756,18.102201,962,10.4454091,7,166,173,2.4473499,160,1.6074897,2,82,84,0.7873193,3,0.0159,0,2,2,0.0129,0,0,0,0,0,0,11128,56.6075616,31,1984,2015,21.3497702
21,Jamshedpur,669,2.3632,0,14,14,0.4111173,101,0.236322,0,0,0,0,16,0.10312,0,0,0,0,1,0.032122,0,0,0,0,0,0,0,0,0,0,787,2.734764,0,14,14,0.4111173
22,Jodhpur,1741,12.3449306,3,357,360,7.93071,329,6.8921705,0,104,104,3.597015,73,1.01833,2,55,57,0.8779,1,0.02,0,1,1,0.02,0,0,0,0,0,0,2144,20.2754311,5,517,522,12.425625
23,Kannur,82,0.879352,3,47,50,0.355352,81,1.2752965,2,30,32,0.3107,24,0.103295,0,16,16,0.08065,2,0.0475,0,1,1,0.046,0,0,0,0,0,0,189,2.3054435,5,94,99,0.792702
24,Kanpur,1266,3.5874664,0,374,374,1.3078013,233,3.219124,0,106,106,1.875095,16,0.1888,0,13,13,0.1647,2,0.11,0,1,1,0.08,0,0,0,0,0,0,1517,7.1053904,0,494,494,3.4275963
25,Kochi,398,3.6241648,0,205,205,1.2189813,107,1.7609795,0,50,50,0.9661076,71,0.4972552,0,35,35,0.208201,15,0.179976,0,7,7,0.02542,0,0,0,0,0,0,591,6.0623755,0,297,297,2.4187099
26,Kolkata,958,3.1417356,185,788,973,2.4408013,8,1.23179,2,8,10,1.0638186,14,0.113311,4,9,13,0.1052173,2,1.3074136,1,2,3,1.0562456,0,0,0,0,0,0,982,5.7942502,192,807,999,4.6660828
27,Kollam,312,3.5711864,0,125,125,0.767837,113,1.0854474,0,28,28,0.1070563,35,0.17237,0,11,11,0.04618,0,0,0,0,0,0,0,0,0,0,0,0,460,4.8290038,0,164,164,0.9210733
28,Kota,1555,8.4080557,24,292,316,3.298273,79,1.08435,2,18,20,0.24763,36,0.133665,0,30,30,0.08046,3,0.3256,0,3,3,0.1675,0,0,0,0,0,0,1673,9.9516707,26,343,369,3.793863
29,Kozhikode,294,2.7164652,14,92,106,0.603343,142,2.2860377,3,48,51,0.998045,59,0.356504,2,36,38,0.244033,4,0.03842,0,2,2,0.0334,2,0.2485,0,2,2,0.17285,501,5.6459269,19,180,199,2.051671
30,Lucknow,2454,6.7167466,419,1239,1658,5.2047274,452,4.377096,126,286,412,2.9596808,152,0.824,69,144,213,0.7568,1,0.006,1,1,2,0,0,0,0,0,0,0,3059,11.9238426,615,1670,2285,8.9212082
31,Ludhiana,1060,8.3959982,56,465,521,7.7310725,269,6.5411934,18,120,138,3.193912,9,0.3992,1,8,9,4.80774,2,8.54,0,2,2,7.31857,0,0,0,0,0,0,1340,23.8763916,75,595,670,23.0512945
32,Madurai,517,3.3047106,0,390,390,2.7149663,95,1.8224715,0,68,68,1.338215,140,0.513662,0,131,131,0.283729,3,0.00338,0,3,3,0.0002,0,0,0,0,0,0,755,5.6442241,0,592,592,4.3371103
33,Malappuram,75,0.78184,2,35,37,0.25126,61,1.1884824,0,29,29,0.5537625,5,0.0591999,0,3,3,0.036,5,0.598,0,4,4,0.338,2,0.0041,0,2,2,0.0041,148,2.6316223,2,73,75,1.1831225
34,Meerut,906,2.147995,0,352,352,0.99228,82,0.715539,0,65,65,0.467536,16,0.2661,0,16,16,0.21683,0,0,0,0,0,0,1,0.35,0,1,1,0.35,1005,3.479634,0,434,434,2.026646
35,Mumbai,9361,86.4454177,139,4125,4264,37.5955725,1302,30.2878114,13,857,870,15.9430314,758,14.2193247,5,687,692,11.4089785,25,6.1445715,1,21,22,5.190062,0,0,0,0,0,0,11446,137.0971253,158,5690,5848,70.1376444
36,Nagpur,3505,17.0164695,171,1058,1229,6.48982,914,14.9772312,45,290,335,3.8772763,233,1.3290895,14,162,176,0.745567,18,1.9186218,0,18,18,0.37387,1,0,0,1,1,0,4671,35.241412,230,1529,1759,11.4865333
37,Nasik,1398,10.0682779,29,309,338,14.757049,333,1.0735124,5,80,85,0.056986,267,1.2044076,26,113,139,0.291987,6,3.858265,1,6,7,0.0374,0,0,0,0,0,0,2004,16.2044629,61,508,569,15.143422
38,Patna,6573,14.7530227,62,102,164,0.3680961,318,2.2132826,9,62,71,0.4941605,94,0.0219263,13,32,45,0.0104966,5,0.0023523,3,1,4,0.0018818,0,0,0,0,0,0,6990,16.9905839,87,197,284,0.874635
39,Prayagraj,795,1.3141887,0,123,123,0.23131,144,0.920295,0,34,34,0.302585,10,0.1272,0,9,9,0.039525,0,0,0,0,0,0,0,0,0,0,0,0,949,2.3616837,0,166,166,0.57342
40,Pune,3568,25.1807473,20,767,787,7.6036802,609,24.2952238,1,198,199,3.1150547,349,2.4369475,3,158,161,1.2720783,34,0.20337,0,20,20,0.114158,0,0,0,0,0,0,4560,52.1162886,24,1143,1167,12.1049712
41,Raipur,1126,4.0042311,0,295,295,1.1428544,287,3.5114013,0,145,145,1.4051055,71,0.3712415,0,56,56,0.254528,4,0.28454,0,4,4,0.0281748,0,0,0,0,0,0,1488,8.1714139,0,500,500,2.8306627
42,Rajkot,1141,4.1925239,25,462,487,1.6130985,215,3.6847415,9,108,117,1.7094231,19,0.4866214,1,17,18,0.4455313,6,0.22259,0,3,3,0.02434,0,0,0,0,0,0,1381,8.5864768,35,590,625,3.7923929
43,Ranchi,1770,3.262287,0,204,204,0.682584,259,0.5435633,0,12,12,0.025266,59,0.0758917,0,14,14,0.0175462,4,0.207392,0,2,2,0.1125625,0,0,0,0,0,0,2092,4.089134,0,232,232,0.8379587
44,Srinagar,196,1.1047015,11,185,196,0.70133,194,0.7028389,4,190,194,0.054556,20,0.03363,5,15,20,0.01233,1,0,0,1,1,0,0,0,0,0,0,0,411,1.8411704,20,391,411,0.768216
45,Surat,2270,124.8849496,187,1456,1643,5.5225166,276,4.0807883,43,194,237,1.5678532,37,0.90246,5,29,34,0.79567,7,5.116791,0,5,5,4.807033,0,0,0,0,0,0,2590,134.9849889,235,1684,1919,12.6930728
46,Thiruvananthapuram,272,1.945055,9,120,129,0.818546,109,0.651099,1,32,33,0.236956,60,0.545328,4,22,26,0.349432,2,0.0245891,0,2,2,0.0245891,0,0,0,0,0,0,443,3.1660711,14,176,190,1.4295231
47,Thrissur,395,2.8916686,5,251,256,1.6904927,149,2.310186,0,65,65,1.1418305,62,0.38543,0,51,51,0.28068,6,2.51197,0,4,4,0.19335,1,0.04635,0,1,1,0.04635,613,8.1456046,5,372,377,3.3527032
48,Tiruchirapalli,337,1.2695294,5,215,220,0.924407,82,0.9693348,12,62,74,0.7483833,80,0.685875,3,71,74,0.506143,0,0,0,0,0,0,0,0,0,0,0,0,499,2.9247392,20,348,368,2.1789333
49,Vadodara,912,7.3347718,10,362,372,2.2842906,198,4.777586,0,67,67,1.6884007,7,0.025627,0,7,7,0.008007,2,0.0288,0,1,1,0,0,0,0,0,0,0,1119,12.1667848,10,437,447,3.9806983
50,Varanasi,484,2.2111431,0,308,308,1.3048931,159,1.909106,0,79,79,1.437206,13,0.543988,1,13,14,0.527988,3,0.19769,0,3,3,0.19769,1,0.019,0,1,1,0.0173,660,4.8809271,1,404,405,3.4850771
51,Vasai Virar,1172,6.6880906,4,613,617,3.0916885,393,2.7686863,2,254,256,0.9828919,145,0.9319033,0,104,104,0.7301483,3,0.21,0,1,1,0.006,0,0,0,0,0,0,1713,10.5986802,6,972,978,4.8107287
52,Vijayawada,895,6.2635515,531,611,1142,8.3774051,173,2.530203,148,101,249,3.100808,18,0.084275,38,16,54,0.174626,0,0,0,0,0,0,1,0.003,2,1,3,0.0426,1087,8.8810295,719,729,1448,11.6954391
53,Vishakhapatnam,504,3.4862433,53,334,387,2.1044322,172,1.8010466,17,125,142,0.842252,2,0.1515,0,2,2,0.15145,0,0,0,0,0,0,3,0.01825,0,3,3,0.01825,681,5.4570399,70,464,534,3.1163842
,Total Cities ,331187,1277.2123346,4081,55153,59234,353.9196991,22451,319.738046,723,7804,8527,119.632088,6983,73.5650241,340,5062,5402,50.81696,329,58.9597666,8,248,256,28.7115082,1684,34.2622724,36,416,452,5.9138406,362634,1763.7374437,5188,68683,73871,558.9940959
